kralj,0.34644905,0.25673758865248225,sam,znan,mladeničev,neusmiljen
velikan,0.84100133,0.5390070921985816
knez,0.19868882,0.20425531914893616,sovražen,sovražen,sosednji
